INSERT INTO movie (id, title, img_url, img_url_preview, duration, description, director,url,year) VALUES (1,'El perfume','/img/media/elperfume_cover.jpg','/img/media/elperfume_preview.jpg','147 min.','Francia, siglo XVIII. Adaptación del famoso best-seller de Patrick Süskind. Jean Baptiste Grenouille nació en medio del hedor de los restos de pescado de un mercado y fue abandonado por su madre en la basura. Las autoridades se hicieron cargo de él y lo mandaron a un hospicio. Creció en un ambiente hostil; nadie le quería, porque había en él algo excepcional: carecía por completo de olor. Estaba, sin embargo, dotado de un extraordinario sentido del olfato.','Tom Tykwer','/api/movies/1','2006');
INSERT INTO movie (id, title, img_url, img_url_preview, duration, description, director,url,year) VALUES (2,'Ad astra','/img/media/adastra_cover.jpg','/img/media/adastra_preview.jpg','124 min.','El astronauta Roy McBride (Brad Pitt) viaja a los límites exteriores del sistema solar para encontrar a su padre perdido y desentrañar un misterio que amenaza la supervivencia de nuestro planeta. Su viaje desvelará secretos que desafían la naturaleza de la existencia humana y nuestro lugar en el cosmos.','James Gray','/api/movies/2','2019');
INSERT INTO movie (id, title, img_url, img_url_preview, duration, description, director,url,year) VALUES (3,'IT capitulo 2','/img/media/it2_cover.jpg','/img/media/it2_preview.jpg','169 min.','27 años después, los ex-miembros del Club de los Perdedores, que crecieron y se mudaron lejos de Derry, vuelven a unirse tras una devastadora llamada telefónica.','Andy Muschietti','/api/movies/3','2019');
INSERT INTO movie (id, title, img_url, img_url_preview, duration, description, director,url,year) VALUES (4,'Alita: Ángel de Combate','/img/media/alita_cover.jpg','/img/media/alita_preview.jpg','122  min.','Ido, un compasivo médico de ciborgs, encuentra a Alita abandonada en el desguace de Iron City. Cuando Alita despierta, no sabe quién es, ni reconoce el mundo en el que se encuentra, todo es nuevo para ella. Ido intentará proteger a Alita de su misterioso pasado, mientras que su nuevo amigo Hugo le ayudará a despertar sus recuerdos. En ese momento, Alita descubre que posee habilidades de combate extraordinarias, que podría usar para salvar a su nueva familia y amigos. Decidida a descubrir la verdad tras sus orígenes, Alita comienza un viaje que le enfrentará a las injusticias de un mundo oscuro y corrupto, descubriendo que solo ella puede cambiar el mundo en el que vive','Robert Rodriguez','/api/movies/4','2019');
INSERT INTO movie (id, title, img_url, img_url_preview, duration, description, director,url,year) VALUES (5,'Batman: El caballero de la noche asciende','/img/media/batman_cover.jpg','/img/media/batman_preview.jpg','165 min.','Pasaron ocho años desde que Batman desapareció en la oscuridad de la noche, momento a partir del cual se transformó de héroe en fugitivo. Al asumir la culpa por la muerte del fiscal Harvey Dent, el caballero de la noche sacrificó todo por lo que él y el comisionado Gordon esperaban fuera el bien mayor. El engaño funcionó durante un tiempo, ya que se redujo dramáticamente el crimen en Gótica bajo el peso de la ley Dent. Sin embargo, todo cambiará con la llegada de una astuta criminal felina con un misterioso objetivo. Y más peligroso aún será el surgimiento de Bane, un terrorista enmascarado cuyo plan despiadado para Gótica obligará a Bruce a salir del exilio que él mismo se ha impuesto. Pero incluso si se pusiera la capa y la máscara nuevamente, Batman podría no estar a la altura de su oponente.','Christopher Nolan','/api/movies/5','2012');
INSERT INTO movie (id, title, img_url, img_url_preview, duration, description, director,url,year) VALUES (6,'Godzilla','/img/media/godzilla_cover.jpg','/img/media/godzilla_preview.jpg','123 min.','Décadas después, en 1999, los científicos Ishiro Serizawa y Vivienne Graham (Ken Watanabe y Sally Hawkins) reciben una llamada para investigar un peculiar descubrimiento realizado en una cantera ubicada en las Filipinas: un esqueleto gigante junto con dos vainas ovoides. Al poco tiempo de descubrir que una de aquellas vainas terminó de incubarse, la planta nuclear de Janjira, situada cerca de Tokio sufre una explosión que conlleva una gran fuga radioactiva. Durante el incidente, el ingeniero supervisor de la planta, Joe Brody (Bryan Cranston), es testigo de la muerte de su esposa, Sandra (Juliette Binoche), quien también trabaja allí y que queda atrapada en la zona contaminada por la fuga radioactiva al realizar una revisión de rutina. El accidente es atribuido a un terremoto y toda el área de Janjira es evacuada y puesta en cuarentena','Gareth Edwards','/api/movies/6','2019');
INSERT INTO movie (id, title, img_url, img_url_preview, duration, description, director,url,year) VALUES (7,'Los Miserables','/img/media/losmiserables_cover.jpg','/img/media/losmiserables_preview.jpg','158 min.','El director Tom Hooper, después de triunfar con ‘El discurso del rey’, se sumerge en la traslacción a la gran pantalla del musical del mismo nombre que tomaba como base la célebre novela publicada por Victor Hugo en 1862. La película narra la historia de Jean Valjean (Hugh Jackman, ‘X-Men’) y su particular camino de redención, desde sus días como prisionero en una cárcel hasta convertirse, con otra identidad, en alcalde de una ciudad francesa. Vlajean se hará cargo de la hija ilegítima de una mujer, Fantine (Anne Hathaway, ‘El diablo viste de Prada’) que es apresada después de ser obligada a prostituirse para poder ganar dinero con el que mantener a su criatura. Los años pasarán y esa niña se convertirá en la bella Cosette (Amanda Seyfried, ‘Querido John’), al tiempo que las suspicacias del inspector Javert (Russel Crowe, ‘Gladiator’) crecerán en lo que respecta al pasado de Valjean.','Tom Hooper','/api/movies/7','2019');
INSERT INTO movie (id, title, img_url, img_url_preview, duration, description, director,url,year) VALUES (8,'The Joker','/img/media/joker_cover.jpg','/img/media/joker_preview.jpg','122 min.','Arthur Fleck (Phoenix) es un hombre ignorado por la sociedad, cuya motivación en la vida es hacer reír. Pero una serie de trágicos acontecimientos le llevarán a ver el mundo de otra forma. Película basada en el popular personaje de DC Comics Joker, conocido como archivillano de Batman, pero que en este film tomará un cariz más realista y oscuro.','Todd Phillips','/api/movies/8','2019');



INSERT INTO actor (id, name, img_url) VALUES (1,'Ben Whishaw','https://via.placeholder.com/90x130');
INSERT INTO actor (id, name, img_url) VALUES (2,'Ben Whishaw','https://via.placeholder.com/90x131');
INSERT INTO actor (id, name, img_url) VALUES (3,'Simon Chandler','https://via.placeholder.com/90x132');
INSERT INTO actor (id, name, img_url) VALUES (4,'David Calder','https://via.placeholder.com/90x133');
INSERT INTO actor (id, name, img_url) VALUES (5,'Richard Felix','https://via.placeholder.com/90x134');
INSERT INTO actor (id, name, img_url) VALUES (6,'Birgit Minichmayr','https://via.placeholder.com/90x135');
INSERT INTO actor (id, name, img_url) VALUES (7,'Sian Thomas','https://via.placeholder.com/90x136');
INSERT INTO actor (id, name, img_url) VALUES (8,'Michael Smiley','https://via.placeholder.com/90x137');
INSERT INTO actor (id, name, img_url) VALUES (9,'Franck Lefeuvre','https://via.placeholder.com/90x138');
INSERT INTO actor (id, name, img_url) VALUES (10,'Sam Douglas','https://via.placeholder.com/90x139');
INSERT INTO actor (id, name, img_url) VALUES (11,'Brad Pitt','https://via.placeholder.com/90x140');
INSERT INTO actor (id, name, img_url) VALUES (12,'Tommy Lee Jones','https://via.placeholder.com/90x141');
INSERT INTO actor (id, name, img_url) VALUES (13,'Ruth Negga','https://via.placeholder.com/90x142');
INSERT INTO actor (id, name, img_url) VALUES (14,'Donald Sutherland','https://via.placeholder.com/90x143');
INSERT INTO actor (id, name, img_url) VALUES (15,'Kimberly Elise','https://via.placeholder.com/90x144');
INSERT INTO actor (id, name, img_url) VALUES (16,'James McAvoy','https://via.placeholder.com/90x145');
INSERT INTO actor (id, name, img_url) VALUES (17,'Jessica Chastain','https://via.placeholder.com/90x146');
INSERT INTO actor (id, name, img_url) VALUES (18,'Bill Hader','https://via.placeholder.com/90x147');
INSERT INTO actor (id, name, img_url) VALUES (19,'James Ransone','https://via.placeholder.com/90x148');
INSERT INTO actor (id, name, img_url) VALUES (20,'Jay Ryan','https://via.placeholder.com/90x149');
INSERT INTO actor (id, name, img_url) VALUES (21,'Isaiah Mustafa','https://via.placeholder.com/90x150');
INSERT INTO actor (id, name, img_url) VALUES (22,'Andy Bean','https://via.placeholder.com/90x151');
INSERT INTO actor (id, name, img_url) VALUES (23,'Bill Skarsgard','https://via.placeholder.com/90x152');
INSERT INTO actor (id, name, img_url) VALUES (24,'Xavier Dolan','https://via.placeholder.com/90x153');


INSERT INTO movie_actor (id_movie, id_actor) VALUES (1,1);
INSERT INTO movie_actor (id_movie, id_actor) VALUES (1,2);
INSERT INTO movie_actor (id_movie, id_actor) VALUES (1,3);
INSERT INTO movie_actor (id_movie, id_actor) VALUES (1,4);
INSERT INTO movie_actor (id_movie, id_actor) VALUES (1,5);
INSERT INTO movie_actor (id_movie, id_actor) VALUES (1,6);
INSERT INTO movie_actor (id_movie, id_actor) VALUES (1,7);
INSERT INTO movie_actor (id_movie, id_actor) VALUES (1,8);
INSERT INTO movie_actor (id_movie, id_actor) VALUES (1,9);
INSERT INTO movie_actor (id_movie, id_actor) VALUES (1,10);
INSERT INTO movie_actor (id_movie, id_actor) VALUES (2,11);
INSERT INTO movie_actor (id_movie, id_actor) VALUES (2,12);
INSERT INTO movie_actor (id_movie, id_actor) VALUES (2,13);
INSERT INTO movie_actor (id_movie, id_actor) VALUES (2,14);
INSERT INTO movie_actor (id_movie, id_actor) VALUES (2,15);
INSERT INTO movie_actor (id_movie, id_actor) VALUES (3,16);
INSERT INTO movie_actor (id_movie, id_actor) VALUES (3,17);
INSERT INTO movie_actor (id_movie, id_actor) VALUES (3,18);
INSERT INTO movie_actor (id_movie, id_actor) VALUES (3,19);
INSERT INTO movie_actor (id_movie, id_actor) VALUES (3,20);
INSERT INTO movie_actor (id_movie, id_actor) VALUES (3,21);
INSERT INTO movie_actor (id_movie, id_actor) VALUES (3,22);
INSERT INTO movie_actor (id_movie, id_actor) VALUES (3,23);
INSERT INTO movie_actor (id_movie, id_actor) VALUES (3,24);
INSERT INTO movie_actor (id_movie, id_actor) VALUES (5,1);
INSERT INTO movie_actor (id_movie, id_actor) VALUES (5,2);
INSERT INTO movie_actor (id_movie, id_actor) VALUES (5,3);
INSERT INTO movie_actor (id_movie, id_actor) VALUES (5,4);
INSERT INTO movie_actor (id_movie, id_actor) VALUES (5,5);
INSERT INTO movie_actor (id_movie, id_actor) VALUES (6,6);
INSERT INTO movie_actor (id_movie, id_actor) VALUES (6,7);
INSERT INTO movie_actor (id_movie, id_actor) VALUES (6,8);
INSERT INTO movie_actor (id_movie, id_actor) VALUES (6,9);
INSERT INTO movie_actor (id_movie, id_actor) VALUES (4,10);
INSERT INTO movie_actor (id_movie, id_actor) VALUES (4,11);
INSERT INTO movie_actor (id_movie, id_actor) VALUES (4,12);
INSERT INTO movie_actor (id_movie, id_actor) VALUES (4,13);
INSERT INTO movie_actor (id_movie, id_actor) VALUES (4,14);
INSERT INTO movie_actor (id_movie, id_actor) VALUES (4,15);
INSERT INTO movie_actor (id_movie, id_actor) VALUES (4,16);
INSERT INTO movie_actor (id_movie, id_actor) VALUES (6,17);
INSERT INTO movie_actor (id_movie, id_actor) VALUES (6,18);
INSERT INTO movie_actor (id_movie, id_actor) VALUES (7,19);
INSERT INTO movie_actor (id_movie, id_actor) VALUES (7,20);
INSERT INTO movie_actor (id_movie, id_actor) VALUES (7,21);
INSERT INTO movie_actor (id_movie, id_actor) VALUES (7,22);
INSERT INTO movie_actor (id_movie, id_actor) VALUES (7,23);
INSERT INTO movie_actor (id_movie, id_actor) VALUES (7,24);
INSERT INTO movie_actor (id_movie, id_actor) VALUES (7,1);
INSERT INTO movie_actor (id_movie, id_actor) VALUES (8,2);
INSERT INTO movie_actor (id_movie, id_actor) VALUES (8,3);
INSERT INTO movie_actor (id_movie, id_actor) VALUES (8,4);
INSERT INTO movie_actor (id_movie, id_actor) VALUES (8,5);
INSERT INTO movie_actor (id_movie, id_actor) VALUES (8,6);
INSERT INTO movie_actor (id_movie, id_actor) VALUES (8,7);


INSERT INTO serie (id, title, img_url, img_url_preview, year_start, year_end, seasons, description, url, media_type ) VALUES (1,'The Walking Dead','/img/media/twd_cover.jpg','/img/media/twd_preview.jpg',2010,2018,9,'The Walking Dead» está ambientada en un futuro apocalíptico con la Tierra devastada por el efecto de un cataclismo, que ha provocado la mutación en zombies de la mayor parte de los habitantes del planeta. La serie, explora las dificultades de los protagonistas para sobrevivir en un mundo poblado por el horror, así como las relaciones personales que se establecen entre ellos, en ocasiones también una amenaza para su supervivencia.','/api/series/1',2);
INSERT INTO serie (id, title, img_url, img_url_preview, year_start, year_end, seasons, description, url, media_type ) VALUES (2,'Prison Break','/img/media/pb_cover.jpg','/img/media/pb_preview.jpg',2005,2017,5,'Prison Break, también conocida como Prison break, en busca de la verdad en Hispanoamérica, fue una serie de televisión dramática estadounidense que estrenó la cadena norteamericana Fox el 29 de agosto de 2005 y terminó el 24 de mayo de 2009 en su cuarta temporada (los dos episodios finales fueron editados directamente al DVD en EE. UU. el 21 de julio, pero el 24 de mayo fueron estrenados por una televisión israelí). La trama de la serie gira en torno a un hombre sentenciado a la pena de muerte y el elaborado plan de su hermano para salvarlo de la misma.','/api/series/2',2);
INSERT INTO serie (id, title, img_url, img_url_preview, year_start, year_end, seasons, description, url, media_type ) VALUES (3,'The Umbrella Academy','/img/media/tua_cover.jpg','/img/media/tua_preview.jpg',2019,2019,1,'Narra la vida de los miembros separados de una familia de superhéroes llamada Umbrella Academy -Monocle, Spaceboy, Kraken, Rumor, Séance, Number Five, Horror y White Violin-, quienes trabajan juntos para resolver la misteriosa muerte de su padre mientras se enfrentan a muchos conflictos debido a sus personalidades y habilidades divergentes.​','/api/series/3',2);
INSERT INTO serie (id, title, img_url, img_url_preview, year_start, year_end, seasons, description, url, media_type ) VALUES (4,'Proyecto Libro Azul','/img/media/pla_cover.jpg','/img/media/pla_preview.jpg',2019,2019,1,'Una crónica de las verdaderas investigaciones de alto secreto patrocinadas por la Fuerza Aérea de los EE. UU. Sobre fenómenos relacionados con los OVNI en los años 50 y 60, conocida como «Proyecto Libro Azul».','/api/series/4',2);
INSERT INTO serie (id, title, img_url, img_url_preview, year_start, year_end, seasons, description, url, media_type ) VALUES (5,'Buenos presagios','/img/media/bp_cover.jpg','/img/media/bp_preview.jpg',2019,2019,1,'El mundo está al borde del apocalipsis mientras la humanidad se prepara para su juicio final. Pero Azirafel, un ángel algo quisquilloso, y Crowley, un demonio, no están entusiasmados con el fin del mundo, y no pueden encontrar al Anticristo.','/api/series/5',2);
INSERT INTO serie (id, title, img_url, img_url_preview, year_start, year_end, seasons, description, url, media_type ) VALUES (6,'Lucifer','/img/media/lucifer_cover.jpg','/img/media/lucifer_preview.jpg',2016,2018,3,'La serie se centrará en Lucifer (Tom Ellis) quien, aburrido e infeliz como el Señor del Infierno, dimite de su trono y abandona su reino para trasladarse a la ciudad de Los Angeles y abrir un lujoso piano-bar llamado Lux. Una vez allí ayudará a la policía a castigar a los más peligrosos criminales de la ciudad.','/api/series/6',2);
INSERT INTO serie (id, title, img_url, img_url_preview, year_start, year_end, seasons, description, url, media_type ) VALUES (7,'Grimm','/img/media/grimm_cover.jpg','/img/media/grimm_preview.jpg',2011,2017,6,'¿Recuerdas los cuentos de hadas de tus padres te contaban antes de acostarte? Esas no eran historias, eran advertencias. Nick Burkhardt pensaba que realmente se había preparado para trabajar como detective de homicidios hasta que empezó a ver cosas que no podía explicar. Cuando su tía enferma Marie llega, la vida de Nick da un giro cuando ella revela que son descendientes de un grupo de élite de cazadores, también conocidos como «Grimms», que luchan para mantener el equilibrio de la humanidad a salvo de las criaturas sobrenaturales del mundo. Como Nick profundiza en su pasado, se da cuenta que tendrá que asumir la responsabilidad de sus antepasados y lidiar con una mitología más grande que la vida de los hermanos Grimm que ahora es demasiado real.','/api/series/7',2);
INSERT INTO serie (id, title, img_url, img_url_preview, year_start, year_end, seasons, description, url, media_type ) VALUES (8,'Anatomía según gray ','/img/media/grey_cover.jpg','/img/media/grey_preview.jpg',2005,2019,15,'La vida de Meredith Grey no es nada fácil. Intenta tomar las riendas de su vida, aunque su trabajo sea de esos que te hacen la vida imposible. Meredith es una cirujana interna de primer año en el Hospital Grace de Seattle, el programa de prácticas más duro de la Facultad de Medicina de Harvard. Y ella lo va a comprobar. Pero no estará sola. Un elenco de compañeros de promoción tendrán que superar la misma prueba. Ahora están en el mundo real, son doctores del hospital. Y en un mundo donde la experiencia en el trabajo puede ser un factor de vida o muerte, todos ellos tendrán que lidiar con los altibajos de sus vidas personales.','/api/series/8',2);


INSERT INTO productor (id, name) VALUES (1,'Frank Darabont');
INSERT INTO productor (id, name) VALUES (2,'Paul Scheuring');
INSERT INTO productor (id, name) VALUES (3,'Steve Blackman');
INSERT INTO productor (id, name) VALUES (4,'Aidan Gillen');
INSERT INTO productor (id, name) VALUES (5,'Neil Gaiman');
INSERT INTO productor (id, name) VALUES (6,'Tom Kapinos');
INSERT INTO productor (id, name) VALUES (7,'David Greenwalt');
INSERT INTO productor (id, name) VALUES (8,'Shonda Rhimes');

INSERT INTO serie_productor (id_serie, id_productor) VALUES (1,1);
INSERT INTO serie_productor (id_serie, id_productor) VALUES (1,3);
INSERT INTO serie_productor (id_serie, id_productor) VALUES (2,2);
INSERT INTO serie_productor (id_serie, id_productor) VALUES (3,4);
INSERT INTO serie_productor (id_serie, id_productor) VALUES (3,5);
INSERT INTO serie_productor (id_serie, id_productor) VALUES (3,6);
INSERT INTO serie_productor (id_serie, id_productor) VALUES (4,7);
INSERT INTO serie_productor (id_serie, id_productor) VALUES (5,1);
INSERT INTO serie_productor (id_serie, id_productor) VALUES (5,2);
INSERT INTO serie_productor (id_serie, id_productor) VALUES (6,3);
INSERT INTO serie_productor (id_serie, id_productor) VALUES (7,7);
INSERT INTO serie_productor (id_serie, id_productor) VALUES (8,8);
INSERT INTO serie_productor (id_serie, id_productor) VALUES (8,7);

INSERT INTO serie_actor (id_serie, id_actor) VALUES (1,1);
INSERT INTO serie_actor (id_serie, id_actor) VALUES (1,2);
INSERT INTO serie_actor (id_serie, id_actor) VALUES (1,3);
INSERT INTO serie_actor (id_serie, id_actor) VALUES (1,4);
INSERT INTO serie_actor (id_serie, id_actor) VALUES (1,5);
INSERT INTO serie_actor (id_serie, id_actor) VALUES (1,6);
INSERT INTO serie_actor (id_serie, id_actor) VALUES (1,7);
INSERT INTO serie_actor (id_serie, id_actor) VALUES (1,8);
INSERT INTO serie_actor (id_serie, id_actor) VALUES (1,9);
INSERT INTO serie_actor (id_serie, id_actor) VALUES (1,10);
INSERT INTO serie_actor (id_serie, id_actor) VALUES (2,11);
INSERT INTO serie_actor (id_serie, id_actor) VALUES (2,12);
INSERT INTO serie_actor (id_serie, id_actor) VALUES (2,13);
INSERT INTO serie_actor (id_serie, id_actor) VALUES (2,14);
INSERT INTO serie_actor (id_serie, id_actor) VALUES (2,15);
INSERT INTO serie_actor (id_serie, id_actor) VALUES (3,16);
INSERT INTO serie_actor (id_serie, id_actor) VALUES (3,17);
INSERT INTO serie_actor (id_serie, id_actor) VALUES (3,18);
INSERT INTO serie_actor (id_serie, id_actor) VALUES (3,19);
INSERT INTO serie_actor (id_serie, id_actor) VALUES (3,20);
INSERT INTO serie_actor (id_serie, id_actor) VALUES (3,21);
INSERT INTO serie_actor (id_serie, id_actor) VALUES (3,22);
INSERT INTO serie_actor (id_serie, id_actor) VALUES (3,23);
INSERT INTO serie_actor (id_serie, id_actor) VALUES (3,24);
INSERT INTO serie_actor (id_serie, id_actor) VALUES (5,1);
INSERT INTO serie_actor (id_serie, id_actor) VALUES (5,2);
INSERT INTO serie_actor (id_serie, id_actor) VALUES (5,3);
INSERT INTO serie_actor (id_serie, id_actor) VALUES (5,4);
INSERT INTO serie_actor (id_serie, id_actor) VALUES (5,5);
INSERT INTO serie_actor (id_serie, id_actor) VALUES (6,6);
INSERT INTO serie_actor (id_serie, id_actor) VALUES (6,7);
INSERT INTO serie_actor (id_serie, id_actor) VALUES (6,8);
INSERT INTO serie_actor (id_serie, id_actor) VALUES (6,9);
INSERT INTO serie_actor (id_serie, id_actor) VALUES (4,10);
INSERT INTO serie_actor (id_serie, id_actor) VALUES (4,11);
INSERT INTO serie_actor (id_serie, id_actor) VALUES (4,12);
INSERT INTO serie_actor (id_serie, id_actor) VALUES (4,13);
INSERT INTO serie_actor (id_serie, id_actor) VALUES (4,14);
INSERT INTO serie_actor (id_serie, id_actor) VALUES (4,15);
INSERT INTO serie_actor (id_serie, id_actor) VALUES (4,16);
INSERT INTO serie_actor (id_serie, id_actor) VALUES (6,17);
INSERT INTO serie_actor (id_serie, id_actor) VALUES (6,18);
INSERT INTO serie_actor (id_serie, id_actor) VALUES (7,19);
INSERT INTO serie_actor (id_serie, id_actor) VALUES (7,20);
INSERT INTO serie_actor (id_serie, id_actor) VALUES (7,21);
INSERT INTO serie_actor (id_serie, id_actor) VALUES (7,22);
INSERT INTO serie_actor (id_serie, id_actor) VALUES (7,23);
INSERT INTO serie_actor (id_serie, id_actor) VALUES (7,24);
INSERT INTO serie_actor (id_serie, id_actor) VALUES (7,1);
INSERT INTO serie_actor (id_serie, id_actor) VALUES (8,2);
INSERT INTO serie_actor (id_serie, id_actor) VALUES (8,3);
INSERT INTO serie_actor (id_serie, id_actor) VALUES (8,4);
INSERT INTO serie_actor (id_serie, id_actor) VALUES (8,5);
INSERT INTO serie_actor (id_serie, id_actor) VALUES (8,6);
INSERT INTO serie_actor (id_serie, id_actor) VALUES (8,7);


INSERT INTO trailer (id, name, img_url, url) VALUES (1,'Star Wars: The Rise of Skywalker','img/trailers/star-wars-trailer.jpg','https://www.youtube.com/watch?v=8Qn_spdM5Zg&t=4s');
INSERT INTO trailer (id, name, img_url, url) VALUES (2,'Emma','img/trailers/enma-trailer.jpg','https://www.youtube.com/watch?v=2zZLY4bkw_E');
INSERT INTO trailer (id, name, img_url, url) VALUES (3,'Unidos','img/trailers/unidos-trailer.jpg','https://www.youtube.com/watch?v=X1sFu1d4O88');
INSERT INTO trailer (id, name, img_url, url) VALUES (4,'Sonic','img/trailers/sonic-trailer.jpg','https://www.youtube.com/watch?v=mIgGCaIwdXU');
